sentiment,text,user
"positive","RT @UoL_UGrad_LSE: The University of London offers online BSc degrees in finance, accounting, economics, international relations, business‚Ä¶","kingbright9"
"positive","RT @SourabhSKatoch: How to Learn Python For Free At Your Home to Get Started With Data Science.\n\nhttps://t.co/kcxWxt29ky\n\n#Python #100DaysO‚Ä¶","TheSecretJunio1"
"neutral","RT @rasangarocks: Data Science for Beginners: 4 Books in 1: Python Programming, Data Analysis, Machine Learning\n\nLink - https://t.co/NEo26h‚Ä¶","TheSecretJunio1"
"positive","@DrTomFrieden Precisely correct. Data from the Ontario Science Table confirms your thesis. https://t.co/N8t4ntL8mY","jimmallett"
"positive","RT @SourabhSKatoch: How to Learn Python For Free At Your Home to Get Started With Data Science.\n\nhttps://t.co/kcxWxt29ky\n\n#Python #100DaysO‚Ä¶","godfrey_G_"
"neutral","RT @rasangarocks: Data Science for Beginners: 4 Books in 1: Python Programming, Data Analysis, Machine Learning\n\nLink - https://t.co/NEo26h‚Ä¶","godfrey_G_"
"positive","RT @bott_alien: Greater Spirituality\n\nBuddhism - science of what attracts the mind\n(unknown) Rastafarian - spiritual movement w/intoxicant‚Ä¶","cipherEquality"
"positive","RT @AkintibuboSeun: @svpino Hi, I'm Oluwaseun from Nigeria. I teach python and Data science to young people here in Nigeria. I'm venturing‚Ä¶","py_data_sci"
"neutral","RT @DD_Bun_: Data Science (MIT Press Essential Knowledge series) #DataScience https://t.co/nHBemtQHMk","godfrey_G_"
"neutral","RT @DD_Wen_: Data Science from Scratch: Comprehensive guide with essential principles of Data Science (Beginner's guide) #DataScience https‚Ä¶","godfrey_G_"
"neutral","RT @SuriyaSubraman: Apache Science Data Analytics Platform: The SDAP currently includes Big Data Analytic Platform, Anomaly Detection, In S‚Ä¶","cipherEquality"
"neutral","RT @TesseractAcade1: Should you hire internally or outsource data science?\nOne of the biggest dilemmas for entrepreneurs and decision maker‚Ä¶","godfrey_G_"
"positive","RT @ISS_Research: The white boxes hanging off the side of the @Space_Station are powerful science instruments providing valuable data on Ea‚Ä¶","GANESHY1431430"
"neutral","RT @machinelearnflx: Essential Math for Data Science: Introduction to Matrices and the Matrix Product https://t.co/CeP3wWv4Nc  #DataScience","godfrey_G_"
"neutral","1) Prolly not a big deal. 2) There are some tiny non-Russian data sets that show the Sputnik vaccine does provoke i‚Ä¶ https://t.co/ajDxG0BtkC","chessninja"
"neutral","RT @MikeTamir: Data Science in Julia for Hackers https://t.co/9PsUj0QvwH\n#AI #DeepLearning #MachineLearning #DataScience https://t.co/hypvF‚Ä¶","godfrey_G_"
"neutral","RT @ds_vault: Basics of Python for Data Science Interviews - https://t.co/Xb8npgwDYq\n-\n #datascience #python #science","godfrey_G_"
"negative","No Fortran? No data science in R and Python! | Walking Randomly https://t.co/mb8zQpgjQZ","FazeeAhmd"
"neutral","RT @ds_vault: Basics of Python for Data Science Interviews - https://t.co/Xb8npgwDYq\n-\n #datascience #python #science","ibrahim91820836"
"neutral","RT @byLilyV: #FEATURED #COURSES\n\nMachine Learning A-ZÔøΩ: Hands-On Python &amp; R In Data Science\n\nLearn to create Machine Learning Algorithms in‚Ä¶","codedailybot"
"neutral","Tensorflow Bootcamp For Data Science in Python\n\n‚òû https://t.co/Zm7dP7rOsY\n\n#python\n\nByME5Ggt-D https://t.co/mh50bfVelc","Python_is_life"
"neutral","RT @byLilyV: #FEATURED #COURSES\n\nMachine Learning A-ZÔøΩ: Hands-On Python &amp; R In Data Science\n\nLearn to create Machine Learning Algorithms in‚Ä¶","_codenewbiebot"
"negative","RT @burtmonroe: Hey, computational social science types! Postdoc opportunity with @CSoDA_PSU Penn State Center for Social Data Analytics. A‚Ä¶","CharlieSeguin"
"positive","RT @bunsenbernerbmd: Good news on the Pfizer vaccine front!\nThe new data shows it is 91% effective 6 months later against getting #Covid19‚Ä¶","mhp_1776"
"positive","@TheSaraLentz7 The ‚Äúscience and data‚Äù shows that her actions drug out the virus here in Michigan so it lasted a far‚Ä¶ https://t.co/czuQEvps9c","foardeetou"
"neutral","RT @byLilyV: #FEATURED #COURSES\n\nMachine Learning A-ZÔøΩ: Hands-On Python &amp; R In Data Science\n\nLearn to create Machine Learning Algorithms in‚Ä¶","CoderRetweet"
"negative","RT @realspaceblatt: @MollyJongFast They don‚Äôt. Kudlow is selling trickle down economics which didn‚Äôt work in 2017 or any other year the GQP‚Ä¶","LizMelara8"
"positive","RT @bunsenbernerbmd: Good news on the Pfizer vaccine front!\nThe new data shows it is 91% effective 6 months later against getting #Covid19‚Ä¶","GARYSZATKOWSK20"
"neutral","Product Innovation Marketing Drives Global Data Science Platforms #Innovation #marketing via https://t.co/eBW8Lmmpx7 https://t.co/URGeZtGP6z","StanleyEpstein"
"positive","@svpino Hi, I'm Oluwaseun from Nigeria. I teach python and Data science to young people here in Nigeria. I'm ventur‚Ä¶ https://t.co/rCo9UUtug9","AkintibuboSeun"
"neutral","RT @BioinfoLa: üéäThe 2nd Latin American Congress of Women in Bioinformatics and Data Science is coming !! üí™üëèüèª\n\nüìùSending abstracts from April‚Ä¶","SbgUnq"
"positive","RT @sailorrooscout: For more on real-world data on vaccine effectiveness as well as transmission data in reference to my points made above‚Ä¶","dj_ir0ngruve"
"neutral","RT @MikeTamir: Data Science in Julia for Hackers https://t.co/9PsUj0QvwH\n#AI #DeepLearning #MachineLearning #DataScience https://t.co/hypvF‚Ä¶","the404code"
"negative","@MutunusTutunus1 @SusannaLHarris @PhiBetaKappa @templeton_fdn It would be hard to find a person who ever did the ha‚Ä¶ https://t.co/1oHylXbIsg","olorin_of_ents"
"positive","RT @bunsenbernerbmd: Good news on the Pfizer vaccine front!\nThe new data shows it is 91% effective 6 months later against getting #Covid19‚Ä¶","Susan_P_Harris"
"positive","@LG30017 @allahpundit @megynkelly No, not producing honest data is not science","JoCaPaLe"
"positive","RT @IggyB11: With friends like Fauci does Astrazeneca need enemies? \n\nBing: Fauci says AstraZeneca vaccine ‚Äòvery good‚Äô amid ‚Äòunprecedented‚Äô‚Ä¶","IggyB11"
"neutral","RT @MikeTamir: Data Science in Julia for Hackers https://t.co/9PsUj0QvwH\n#AI #DeepLearning #MachineLearning #DataScience https://t.co/hypvF‚Ä¶","powerfromspace1"
"neutral","RT @machinelearnflx: Learn Python For Data Science W/ Search &amp; Recommender Algos! https://t.co/OVZMylE8VM  #machinelearning #ad","deejayiwan"
"positive","RT @byLilyV: #FEATURED #COURSES\n\nMachine Learning, Data Science and Deep Learning with Python\n\nComplete hands-on #machine #learning tutoria‚Ä¶","TamikOfficiel"
"positive","@ildfluer @lynperthAust @talkingwalk Lol, she'd already been mentioned and she ain't looking too crash hot either m‚Ä¶ https://t.co/dsSOwPACfB","chinkystickens"
"neutral","RT @Stonekettle: ...data, information, machine connectivity, science, medicine, technology, education, and all the things that make our inc‚Ä¶","darnov01"
"neutral","Essential Math for Data Science: Introduction to Matrices and the Matrix Product https://t.co/CeP3wWv4Nc  #DataScience","machinelearnflx"
"positive","@Heaviland I had not seen the data on the science of why hockey teams are at higher risk but it looks like a paper‚Ä¶ https://t.co/sOB8krP6cm","schoolsmuse"
"positive","RT @bunsenbernerbmd: Good news on the Pfizer vaccine front!\nThe new data shows it is 91% effective 6 months later against getting #Covid19‚Ä¶","KerryJHeckman"
"neutral","RT @END2008: COVID check:\nPA: mask mandates in place,  4086 cases Population 12MM\n\nTX:  no mandate in place. 2252 cases Population 29MM\n(dr‚Ä¶","CoachWeaver3"
"negative","RT @burtmonroe: Hey, computational social science types! Postdoc opportunity with @CSoDA_PSU Penn State Center for Social Data Analytics. A‚Ä¶","daniel_e_adkins"
"neutral","Tensorflow Bootcamp For Data Science in Python\n\n‚òû https://t.co/ew2JYdZWP5\n\n#python\n\nByME5Ggt-D https://t.co/S4EGRqQqrP","Python_lap"
"neutral","Should you hire internally or outsource data science?\nOne of the biggest dilemmas for entrepreneurs and decision ma‚Ä¶ https://t.co/0wHLWpVef4","TesseractAcade1"
"positive","RT @ISS_Research: The white boxes hanging off the side of the @Space_Station are powerful science instruments providing valuable data on Ea‚Ä¶","ZaheerU42896948"
"positive","RT @JMarlonPhD: Only hot dry days cause ppl to say they experienced global warming, using @YaleClimateComm &amp; @Mason4C data. Free access for‚Ä¶","noehernandezcor"
"neutral","RT @Stonekettle: ...data, information, machine connectivity, science, medicine, technology, education, and all the things that make our inc‚Ä¶","sharonmwinner"
"neutral","RT @DD_Wen_: Data Science from Scratch: Comprehensive guide with essential principles of Data Science (Beginner's guide) #DataScience https‚Ä¶","bungobot1"
"neutral","RT @DD_Bun_: Data Science (MIT Press Essential Knowledge series) #DataScience https://t.co/nHBemtQHMk","bungobot1"
"positive","RT @byLilyV: #FEATURED #COURSES\n\nMachine Learning, Data Science and Deep Learning with Python\n\nComplete hands-on #machine #learning tutoria‚Ä¶","aProgrammerBot"
"positive","RT @byLilyV: #FEATURED #COURSES\n\nMachine Learning, Data Science and Deep Learning with Python\n\nComplete hands-on #machine #learning tutoria‚Ä¶","Fabriciosx"
"neutral","RT @DD_Wen_: Data Science from Scratch: Comprehensive guide with essential principles of Data Science (Beginner's guide) #DataScience https‚Ä¶","Fabriciosx"
"neutral","RT @MikeTamir: Data Science in Julia for Hackers https://t.co/9PsUj0QvwH\n#AI #DeepLearning #MachineLearning #DataScience https://t.co/hypvF‚Ä¶","Fabriciosx"
"positive","RT @ISS_Research: The white boxes hanging off the side of the @Space_Station are powerful science instruments providing valuable data on Ea‚Ä¶","guapo004"
"neutral","Data Science from Scratch: Comprehensive guide with essential principles of Data Science (Beginner's guide)‚Ä¶ https://t.co/uRGN5jcIg1","DD_Wen_"
"negative","RT @YetaoSupremacy: You don't have to be an expert in data science to see that there is clearly something wrong with Yetao's current rank.‚Ä¶","HUAIWElS"
"positive","RT @byLilyV: #FEATURED #COURSES\n\nMachine Learning, Data Science and Deep Learning with Python\n\nComplete hands-on #machine #learning tutoria‚Ä¶","ML_Tweet_Bot"
"neutral","Data Science in Julia for Hackers https://t.co/9PsUj0QvwH\n#AI #DeepLearning #MachineLearning #DataScience https://t.co/hypvFOzjRl","MikeTamir"
"negative","RT @YetaoSupremacy: You don't have to be an expert in data science to see that there is clearly something wrong with Yetao's current rank.‚Ä¶","KETAOSCAR"
"positive","RT @byLilyV: #FEATURED #COURSES\n\nMachine Learning, Data Science and Deep Learning with Python\n\nComplete hands-on #machine #learning tutoria‚Ä¶","xaelbot"
"neutral","@Vjdharan2131 @maiamofficial @ikamalhaasan @ECISVEEP Selective bias. Where all have you given your mobile no with a‚Ä¶ https://t.co/HNMhFTXOKz","balatweets"
"positive","RT @byLilyV: #FEATURED #COURSES\n\nMachine Learning, Data Science and Deep Learning with Python\n\nComplete hands-on #machine #learning tutoria‚Ä¶","py_data_sci"
"neutral","RT @primalpoly: 'Journalism' today is basically what happens when you take science, and you subtract \n- training\n- scholarship\n- theory\n- d‚Ä¶","AmberWaves4DJT"
"positive","My main accomplishment today was correctly identifying the bird on an ‚ÄúR for Data Science‚Äù book.\n\nPlease clap.","lshultz82"
"neutral","RT @rasangarocks: Data Science for Beginners: 4 Books in 1: Python Programming, Data Analysis, Machine Learning\n\nLink - https://t.co/NEo26h‚Ä¶","DjangoBot_"
"neutral","RT @rasangarocks: Data Science for Beginners: 4 Books in 1: Python Programming, Data Analysis, Machine Learning\n\nLink - https://t.co/NEo26h‚Ä¶","cont_learn"
"neutral","RT @rasangarocks: Data Science for Beginners: 4 Books in 1: Python Programming, Data Analysis, Machine Learning\n\nLink - https://t.co/NEo26h‚Ä¶","aProgrammerBot"
"neutral","RT @rasangarocks: Data Science for Beginners: 4 Books in 1: Python Programming, Data Analysis, Machine Learning\n\nLink - https://t.co/NEo26h‚Ä¶","xaelbot"
"neutral","RT @rasangarocks: Data Science for Beginners: 4 Books in 1: Python Programming, Data Analysis, Machine Learning\n\nLink - https://t.co/NEo26h‚Ä¶","py_data_sci"
"neutral","RT @primalpoly: 'Journalism' today is basically what happens when you take science, and you subtract \n- training\n- scholarship\n- theory\n- d‚Ä¶","JaneEJohnson"
"neutral","RT @franckcourchamp: Is science speaking only in English? üåç\n\nWe show that analyses excluding non-English languages may miss up to 75% data!‚Ä¶","NachSoto"
"positive","RT @hughosmond: The Government claims to rely on science. But assumption-based models are not science; they are just a modern version of fo‚Ä¶","josephshortt1"
"neutral","RT @byLilyV: #FEATURED #COURSES\n\nMachine Learning A-ZÔøΩ: Hands-On Python &amp; R In Data Science\n\nLearn to create Machine Learning Algorithms in‚Ä¶","devvibesbot"
"neutral","RT @rasangarocks: Data Science for Beginners: 4 Books in 1: Python Programming, Data Analysis, Machine Learning\n\nLink - https://t.co/NEo26h‚Ä¶","codedailybot"
"neutral","RT @rasangarocks: Data Science for Beginners: 4 Books in 1: Python Programming, Data Analysis, Machine Learning\n\nLink - https://t.co/NEo26h‚Ä¶","PythonCodeHub"
"positive","RT @UofG_HHNS: ‚è∞JUST PUBLISHED!\nüóûÔ∏èMedicine &amp; Science in Sports &amp; Exercise\n\nü©∏Blood Pressure Responses Between Sexes!\nü¶µStatic &amp; Dynamic Knee‚Ä¶","CoralMurrant"
"positive","RT @byLilyV: #FEATURED #COURSES\n\nMachine Learning, Data Science and Deep Learning with Python\n\nComplete hands-on #machine #learning tutoria‚Ä¶","devvibesbot"
"positive","RT @AustraliaAi: Data science: Australian mining's new hammer and axe? - Mining Technology https://t.co/SIjAEDrcPk #ai #artificialintellige‚Ä¶","TheCuriousLuke"
"negative","RT @burtmonroe: Hey, computational social science types! Postdoc opportunity with @CSoDA_PSU Penn State Center for Social Data Analytics. A‚Ä¶","alanGeoVISTA"
"positive","Data science: Australian mining's new hammer and axe? - Mining Technology https://t.co/SIjAEDrcPk #ai‚Ä¶ https://t.co/Fl0uggBsgg","AustraliaAi"
"neutral","points dont hold up to lived experiences &amp; the science. As a person w the disease, a practitioner of EBM &amp; dealt w/‚Ä¶ https://t.co/wPCVjSBzjU","XtraNotRare"
"positive","RT @ISS_Research: The white boxes hanging off the side of the @Space_Station are powerful science instruments providing valuable data on Ea‚Ä¶","zchitsu"
"neutral","RT @VectorScient: VectorScient‚Äôs Analyses, Insights, Interpretations, and Recommendations (AIIR‚Ñ¢) platform orchestrates the entire data sci‚Ä¶","vedakonduru"
"neutral","Data Science (MIT Press Essential Knowledge series) #DataScience https://t.co/nHBemtQHMk","DD_Bun_"
"positive","RT @bunsenbernerbmd: Good news on the Pfizer vaccine front!\nThe new data shows it is 91% effective 6 months later against getting #Covid19‚Ä¶","YoumeteaSza4"
"neutral","Steven Wernke and Parker VanValkenburgh talk about the impact of big data and how archaeology is going digital.\nRea‚Ä¶ https://t.co/Gi98qeuFLB","CHG_HERITAGE"
"negative","RT @staceyNYCDC: @jbouie By simply boiling the issue down to data science you also miss what these restrictions communicate about who is ‚Äúw‚Ä¶","DaveDealFilms"
"neutral","RT @Stonekettle: ...data, information, machine connectivity, science, medicine, technology, education, and all the things that make our inc‚Ä¶","ecclesias"
"neutral","RT @rasangarocks: Data Science for Beginners: 4 Books in 1: Python Programming, Data Analysis, Machine Learning\n\nLink - https://t.co/NEo26h‚Ä¶","Joffreybvn"
"neutral","@apjanke @tableau there's also an #austintx area virtual data Science meetup happening on the 6th that I told him t‚Ä¶ https://t.co/38K6TfkgIi","bryanbrake"
"neutral","RT @rasangarocks: Data Science for Beginners: 4 Books in 1: Python Programming, Data Analysis, Machine Learning\n\nLink - https://t.co/NEo26h‚Ä¶","BotFemale"
"neutral","RT @rasangarocks: Data Science for Beginners: 4 Books in 1: Python Programming, Data Analysis, Machine Learning\n\nLink - https://t.co/NEo26h‚Ä¶","SigularityHub"
"positive","RT @byLilyV: #FEATURED #COURSES\n\nMachine Learning, Data Science and Deep Learning with Python\n\nComplete hands-on #machine #learning tutoria‚Ä¶","BlkHwk0ps"